id,name_key,name_ru,kcal100,prot100,fat100,carb100,default_portion_g
1,buckwheat_boiled,Гречка отварная,110,410,110,2130,150
2,buckwheat_groats_dry,Гречневая крупа сухая,308,1260,330,5710,60
3,rice_white_boiled,Рис белый отварной,116,220,20,2500,150
4,rice_white_dry,Рис белый сухой,344,670,70,7890,70
5,rice_brown_boiled,Рис бурый отварной,123,270,100,2560,150
6,oatmeal_water_boiled,Овсянка на воде,88,300,170,1500,200
7,oatmeal_milk_boiled,Овсяная каша на молоке,105,330,410,1420,250
8,oat_flakes_dry,Овсяные хлопья сухие (геркулес),352,1230,620,6180,50
9,pearl_barley_boiled,Перловка отварная,110,300,40,2230,150
10,millet_porridge_water_boiled,Пшённая каша на воде,90,300,70,1700,200
11,bulgur_boiled,Булгур отварной,83,310,20,1860,150
12,quinoa_boiled,Киноа отварная,120,440,190,2130,150
13,semolina_porridge_milk_boiled,Манная каша на молоке,98,300,320,1530,250
14,pasta_boiled,Макароны отварные,131,500,90,2600,200
15,pasta_dry,Макароны сухие,344,1040,110,6970,80
16,bread_white_wheat,Хлеб белый пшеничный,242,760,80,4920,60
17,bread_rye_dark,Хлеб ржаной (чёрный),210,660,120,4100,60
18,bread_wholegrain,Хлеб цельнозерновой,240,1000,350,4000,60
19,baton_wheat_sliced,Батон нарезной,264,750,290,5090,50
20,lavash_thin,Лаваш тонкий,236,790,100,4760,80
21,crispbread_rye,Хлебцы ржаные,310,1100,200,5700,30
22,rusks_wheat_dry,Сухари пшеничные,331,1120,140,7240,40
23,muesli_dry,Мюсли сухие,360,1000,700,6600,50
24,granola_baked,Гранола,470,1000,1900,6200,50
101,chicken_breast_boiled,Куриная грудка,150,2950,350,0,150
102,chicken_breast_fried,Куриная грудка жареная,195,3000,800,100,150
104,chicken_thigh_baked,Куриное бедро запечённое,232,2330,1470,0,130
105,chicken_drumstick_baked,Куриная голень запечённая,216,2700,1120,0,120
106,chicken_wings_baked,Куриные крылышки запечённые,290,2690,1950,0,150
107,chicken_grilled,Курица гриль,240,2200,1700,0,200
108,turkey_breast_baked,Филе индейки запечённое,145,2950,250,0,150
109,beef_boiled,Говядина отварная,220,2600,1250,0,150
110,beef_fried,Говядина жареная,260,2900,1500,0,150
111,pork_fried,Свинина жареная,350,2400,2800,0,150
112,ground_beef_fried,Фарш говяжий жареный,250,2550,1600,0,150
113,ground_pork_fried,Фарш свиной жареный,330,2200,2700,0,150
114,meat_cutlet_fried,Котлета мясная жареная,280,1500,2000,1000,100
115,beef_steak_grilled,Стейк говяжий (гриль),290,2500,2100,0,200
116,pork_shashlik_grilled,Шашлык свиной,300,2200,2400,0,250
117,chicken_liver_fried,Печень куриная жареная,210,2200,1100,200,150
118,beef_liver_fried,Печень говяжья жареная,199,2290,1020,390,150
119,bacon_fried,Бекон жареный,540,3700,4200,140,30
120,ham_cooked,Ветчина,250,1600,2000,100,50
121,sausage_doctorskaya_boiled,Колбаса варёная (докторская),257,1280,2220,150,60
122,sausages_boiled,Сосиски отварные,266,1100,2390,160,100
123,sardelki_boiled,Сардельки отварные,215,1000,1850,150,100
124,salami_dry_cured,Салями,500,2100,4500,100,40
201,salmon_baked,Лосось запечённый,202,2200,1250,0,150
202,salmon_salted,Сёмга слабосолёная,202,2250,1250,0,50
203,trout_baked,Форель запечённая,165,2300,750,0,150
204,cod_boiled,Треска отварная,98,2200,90,0,150
205,pollock_fried,Минтай жареный,130,1700,600,350,150
206,tuna_canned_in_water,Тунец консервированный в собственном соку,108,2350,100,0,100
207,herring_salted,Сельдь солёная,217,1980,1540,0,80
208,mackerel_smoked,Скумбрия копчёная,221,2070,1550,0,100
209,shrimp_boiled,Креветки отварные,95,2000,130,0,150
210,squid_boiled,Кальмар отварной,105,2100,220,0,150
211,caviar_red,Икра красная,251,3160,1380,0,30
212,egg_chicken_boiled,Яйцо,157,1270,1060,110,120
213,egg_fried,Яичница глазунья,243,1290,2090,90,120
214,omelette_with_milk,Омлет с молоком,184,960,1540,190,180
215,beans_boiled,Фасоль отварная,127,870,50,2280,150
216,beans_canned,Фасоль консервированная,99,670,30,1740,150
217,chickpeas_boiled,Нут отварной,164,890,260,2740,150
218,lentils_boiled,Чечевица отварная,116,900,40,2010,150
219,champignons_fried,Шампиньоны жареные,76,370,580,170,150
220,walnut_raw,Грецкий орех,654,1520,6520,1370,30
221,almond_raw,Миндаль,579,2120,4990,2160,30
222,peanut_roasted,Арахис жареный,587,2440,4970,2150,30
223,cashew_raw,Кешью,553,1820,4390,3020,30
224,sunflower_seeds_roasted,Семечки подсолнечные жареные,582,1930,4980,2410,50
301,milk_2_5_percent,"Молоко 2,5%",52,280,250,470,200
302,milk_3_2_percent,"Молоко 3,2%",59,290,320,470,200
303,kefir_1_percent,Кефир 1%,40,280,100,400,250
304,kefir_2_5_percent,"Кефир 2,5%",50,280,250,390,250
305,ryazhenka_fermented_baked_milk_4_percent,Ряженка 4%,67,290,400,420,250
306,yogurt_natural_unsweetened_3_2_percent,"Йогурт натуральный 3,2%",66,500,320,350,150
307,yogurt_drinkable_fruit_sweetened,Йогурт питьевой фруктовый,70,280,150,1200,250
308,cottage_cheese_nonfat_0_percent,Творог обезжиренный 0%,76,1650,50,180,150
309,cottage_cheese_5_percent,Творог 5%,121,1720,500,180,150
310,cottage_cheese_9_percent,Творог 9%,159,1670,900,200,150
311,sour_cream_15_percent,Сметана 15%,158,260,1500,300,30
312,sour_cream_20_percent,Сметана 20%,206,280,2000,320,30
313,cream_10_percent,Сливки 10%,118,300,1000,400,30
314,cream_20_percent,Сливки 20%,205,280,2000,370,30
315,cheese_hard_russian_50_percent,Сыр твёрдый (российский),364,2320,2950,30,30
316,cheese_processed_spreadable,Сыр плавленый,290,1300,2400,350,30
317,cheese_mozzarella_in_brine,Моцарелла,240,1800,1800,100,50
318,cheese_brynza_feta_brined,Брынза (фета),260,1790,2010,40,40
319,butter_82_5_percent,"Масло сливочное 82,5%",748,50,8250,80,10
320,ice_cream_plombir,Мороженое пломбир,227,320,1500,2040,100
321,condensed_milk_sweetened,Молоко сгущённое с сахаром,320,720,850,5600,30
322,protein_shake_whey_prepared_water,Протеиновый коктейль на воде (готовый),35,720,50,90,300
401,potato_boiled,Картофель отварной,86,200,10,1850,200
402,potato_fried,Картофель жареный,192,280,950,2340,180
403,potato_mashed,Пюре картофельное,106,220,330,1560,200
404,carrot_raw,Морковь,35,130,10,690,80
406,beet_boiled,Свёкла отварная,48,180,20,1010,100
407,cabbage_white_fresh,Капуста белокочанная свежая,28,180,10,470,150
408,cabbage_stewed,Капуста тушёная,75,200,330,900,200
409,broccoli_boiled,Брокколи отварная,35,240,40,550,150
410,cucumber_fresh,Огурец свежий,15,80,10,280,100
411,tomato_fresh,Помидор свежий,20,100,20,390,120
412,bell_pepper_fresh,Перец болгарский свежий,27,130,30,520,100
413,onion_raw,Лук репчатый сырой,41,140,20,830,50
414,zucchini_stewed,Кабачок тушёный,60,100,350,550,200
415,avocado_fresh,Авокадо,160,200,1470,860,100
416,lettuce_leaf_fresh,Салат листовой,15,140,20,230,50
417,dill_fresh,Укроп свежий,40,250,50,630,10
418,banana_fresh,Банан,95,150,50,2150,120
419,apple_fresh,Яблоко,50,30,20,1180,180
420,pear_fresh,Груша,47,40,30,1100,180
421,orange_fresh,Апельсин,43,90,20,990,150
422,mandarin_fresh,Мандарин,45,80,30,1030,100
423,kiwi_fresh,Киви,58,110,50,1300,75
424,grapes_fresh,Виноград,69,60,20,1650,150
425,strawberry_fresh,Клубника,35,70,30,750,150
426,watermelon_fresh,Арбуз,30,60,20,700,300
501,olive_oil,Оливковое масло,884,0,10000,0,10
502,sunflower_oil_refined,Подсолнечное масло,899,0,9990,0,10
503,mayonnaise_67,Майонез 67%,627,310,6700,260,20
504,ketchup,Кетчуп,100,120,20,2300,20
505,soy_sauce,Соевый соус,53,810,60,490,15
506,sugar_white,Сахар,399,0,0,9980,10
507,honey,Мёд,328,80,0,8030,20
508,jam_fruit,Варенье,271,30,10,6800,30
509,chocolate_milk,Шоколад молочный,554,980,3470,5040,30
510,chocolate_dark,Шоколад горький,539,620,3540,4820,25
511,candy_chocolate,Конфеты шоколадные,520,400,2700,6200,25
512,cookies_sugar,Печенье сахарное,440,700,1400,7200,30
513,waffles_filled,Вафли с начинкой,539,340,3020,6470,40
514,cake_sponge_cream,Торт бисквитный с кремом,380,500,1600,5400,100
515,croissant_butter,Круассан,406,820,2100,4580,60
516,potato_chips_fried,Чипсы картофельные,536,600,3460,5300,50
517,popcorn_salted_ready,Попкорн солёный,440,800,2000,5600,50
518,cola_regular,Кола,42,0,0,1060,330
519,orange_juice,Сок апельсиновый,45,70,20,1040,250
520,coffee_black_no_sugar,Кофе чёрный без сахара,1,10,0,0,200
521,coffee_with_milk_no_sugar,Кофе с молоком без сахара,45,250,230,350,200
522,tea_no_sugar,Чай без сахара,1,0,0,30,250
523,beer_lager,Пиво светлое,43,60,0,360,500
524,wine_dry,Вино сухое,80,10,0,250,150
601,chicken_noodle_soup,Суп куриный с лапшой,44,280,150,450,300
602,borscht,Борщ,50,160,280,500,300
603,shchi_cabbage_soup,Щи,40,150,220,350,300
604,solyanka_meat,Солянка мясная,65,350,450,250,300
605,ukha_fish_soup,Уха,38,350,120,300,300
606,mushroom_cream_soup,Суп-пюре грибной,60,180,400,450,300
607,rassolnik,Рассольник,45,180,220,450,300
608,pelmeni_boiled,Пельмени отварные,250,1150,1200,2300,250
609,vareniki_potato,Вареники с картошкой,200,500,450,3500,250
610,plov_chicken,Плов с курицей,180,800,600,2300,300
611,golubtsy,Голубцы,120,600,650,900,250
612,buckwheat_with_chicken,Гречка с курицей,150,1000,450,1700,300
613,pasta_navy_style,Макароны по-флотски,180,850,700,2000,300
614,mashed_potato_with_cutlet,Картофельное пюре с котлетой,170,750,850,1600,300
621,pizza_pepperoni,Пицца пепперони,276,1150,1190,3050,120
622,pizza_margherita,Пицца маргарита,250,1050,900,3000,120
623,cheeseburger,Чизбургер,260,1350,1250,2500,220
624,hamburger,Гамбургер,245,1250,950,2900,200
625,shawarma_chicken,Шаурма с курицей,210,1200,1000,1800,300
626,hot_dog,Хот-дог,270,1050,1500,2200,150
627,french_fries,Картофель фри,312,350,1500,4100,150
628,chicken_nuggets_fried,Куриные наггетсы,296,1500,1800,1600,150
629,pancakes_with_sour_cream,Блины со сметаной,235,650,1100,2700,180
630,syrniki_fried,Сырники,235,1600,1100,1800,180
631,oladyi_fried,Оладьи,220,570,800,3000,140
632,water_drinking,Вода питьевая,0,0,0,0,250
633,compote_dried_fruit,Компот из сухофруктов,55,50,0,1350,250
634,smoothie_berry,Смузи ягодный,65,100,40,1400,250
1001,olivier_salad,Оливье,198,550,1600,750,200
1002,vinegret_salad,Винегрет,128,130,1000,850,200
1003,mimosa_salad,Мимоза,265,900,2300,400,150
1004,caesar_salad_chicken,Цезарь с курицей,190,1200,1300,600,220
1005,greek_salad,Греческий салат,118,300,950,480,200
1006,crab_stick_salad,Крабовый салат,180,600,1350,900,150
1007,herring_under_fur_coat,Сельдь под шубой,185,600,1400,850,180
1008,vegetable_salad_oil,Салат овощной с маслом,85,120,700,450,180
1009,cabbage_salad_fresh,Салат из капусты,75,130,500,550,150
1010,carrot_korean,Морковь по-корейски,134,130,900,1100,80
1011,eggplant_korean,Баклажаны по-корейски,110,120,850,600,100
1012,pickled_cucumbers,Огурцы солёные,11,80,10,170,100
1013,sauerkraut,Квашеная капуста,22,180,10,320,100
1014,pickled_mushrooms,Грибы маринованные,25,200,40,300,80
1015,olives,Оливки,135,90,1300,450,40
1016,salo_salted_pork_fat,Сало,800,140,8900,0,30
1017,kholodets_meat_aspic,Холодец,185,1500,1400,30,150
1018,fish_aspic,Заливное из рыбы,85,1200,300,200,150
1019,liver_pate,Паштет печёночный,275,1100,2400,400,50
1020,cheese_sandwich,Бутерброд с сыром,320,1200,1800,2600,50
1021,sausage_sandwich,Бутерброд с колбасой,265,900,1400,2300,55
1022,tartlets_with_salad,Тарталетки с салатом,290,600,1900,2400,75
1023,canape,Канапе,270,1000,1700,1800,60
1024,squash_caviar,Икра кабачковая,90,120,700,550,100
1025,eggplant_caviar,Икра баклажанная,105,140,800,650,100
1026,hummus,Хумус,170,780,970,1400,60
1027,taramasalata,Тарамасалата,455,400,4500,800,50
1028,forshmak_herring_spread,Форшмак,245,1100,2000,500,80
1029,tuna_salad,Салат из тунца,148,1200,900,400,150
1030,shrimp_salad,Салат с креветками,130,900,900,350,150
1031,arugula_parmesan_salad,Руккола с пармезаном,158,700,1300,250,120
1032,caprese_salad,Капрезе,192,950,1600,250,150
1033,beet_garlic_salad,Свёкла с чесноком,128,180,900,1000,120
1034,radish_sour_cream_salad,Редис со сметаной,62,150,450,300,130
1035,cucumber_tomato_salad,Огурцы с помидорами,48,120,300,360,180
1036,seaweed_salad,Салат из морской капусты,105,90,950,300,100
1037,deviled_eggs,Яйца фаршированные,225,1100,1900,200,60
1038,cold_cuts_meat_platter,Мясная нарезка,295,1700,2500,100,100
1039,squid_salad,Салат с кальмарами,175,1000,1300,300,150
1040,badrijani_eggplant_rolls,Бадриджани,225,400,2000,700,120
1041,mushroom_caviar,Грибная икра,112,250,900,500,80
1042,ajapsandali,Аджапсандал,108,150,850,700,200
1043,pkhali,Пхали,175,500,1400,700,100
1044,lobio_bean_salad,Лобио,128,650,600,1200,200
1045,funchoza_salad,Салат с фунчозой,145,250,600,2000,180
1101,potato_baked,Картофель запечённый,120,220,350,1950,200
1102,potato_wedges,Картофель по-деревенски,165,250,750,2200,180
1103,potato_stewed,Картофель тушёный,95,200,250,1600,250
1104,potato_pancakes_draniki,Драники,200,350,1150,2050,150
1105,corn_canned,Кукуруза консервированная,58,220,60,1150,80
1106,potato_croquettes,Картофельные крокеты,275,400,1500,3000,120
1107,potato_casserole,Картофельная запеканка,145,350,650,1850,200
1108,potato_with_mushrooms,Картофель с грибами,150,300,850,1550,250
1109,sweet_potato,Батат,100,200,150,2000,200
1110,vegetable_stew,Овощное рагу,95,180,420,1150,250
1111,ratatouille,Рататуй,75,150,420,750,250
1112,lecho,Лечо,65,120,300,800,200
1113,grilled_vegetables,Овощи гриль,70,160,400,650,200
1114,steamed_vegetables,Овощи на пару,45,200,40,800,200
1115,vegetable_casserole,Овощная запеканка,105,400,600,800,200
1116,cauliflower_baked,Цветная капуста запечённая,90,350,550,600,200
1117,cauliflower_battered,Цветная капуста в кляре,185,500,1100,1600,180
1118,broccoli_baked,Брокколи запечённая,85,350,550,550,180
1119,brussels_sprouts,Брюссельская капуста,45,300,80,650,150
1120,cabbage_cutlets,Капустные котлеты,120,350,700,1000,150
1121,zucchini_fried,Кабачки жареные,90,120,700,550,180
1122,zucchini_battered,Кабачки в кляре,190,350,1300,1400,180
1123,zucchini_fritters,Кабачковые оладьи,165,400,1100,1200,150
1125,eggplant_baked,Баклажаны запечённые,70,120,450,600,200
1127,carrot_stewed,Морковь тушёная,70,120,350,850,150
1128,carrot_cutlets,Морковные котлеты,130,300,700,1300,150
1130,beet_stewed,Свёкла тушёная,90,160,450,1100,150
1131,turnip,Репа,35,150,20,700,150
1132,jerusalem_artichoke,Топинамбур,61,200,10,1280,100
1133,green_beans,Стручковая фасоль,40,200,30,700,150
1134,green_peas_canned,Горошек консервированный,55,310,30,950,80
1135,corn_boiled,Кукуруза варёная,100,340,130,1900,150
1136,asparagus,Спаржа,27,240,20,410,150
1137,spinach_stewed,Шпинат тушёный,60,300,350,350,150
1138,mushrooms_in_sour_cream,Грибы в сметане,100,350,800,350,150
1139,tomatoes_fried,Помидоры жареные,70,120,500,500,150
1140,onion_fried,Лук жареный,125,180,900,900,30
1141,pepper_stuffed_vegetables,Перец фаршированный овощами,85,200,400,1000,200
1142,pea_puree,Гороховое пюре,95,600,250,1200,200
1143,chickpeas_roasted,Нут жареный,370,1800,900,4800,40
1144,spinach_creamed,Шпинат со сливками,130,350,1100,350,150
1145,beet_cutlets,Свекольные котлеты,125,250,650,1400,150
1201,beef_stroganoff,Бефстроганов,193,1640,1240,400,180
1202,beef_goulash,Гуляш говяжий,148,1400,920,250,200
1203,meatballs_in_sauce,Тефтели в соусе,170,1150,1050,750,180
1204,pork_chop_fried,Отбивная свиная,285,1950,2000,750,130
1205,buzhenina_baked_pork,Буженина,233,1650,1800,50,80
1206,chicken_kiev,Котлета по-киевски,292,1750,2100,900,150
1207,chicken_chop_fried,Куриная отбивная,250,1900,1550,850,130
1208,chicken_chakhokhbili,Чахохбили,130,1400,700,350,250
1209,chicken_teriyaki,Курица терияки,175,2000,600,1000,180
1210,pork_ribs_grilled,Рёбра свиные гриль,320,2000,2600,150,200
1211,duck_baked,Утка запечённая,285,1900,2300,0,150
1212,meat_french_style_baked,Мясо по-французски,269,1600,2100,400,200
1213,azu_beef_stewed,Азу,145,1100,800,700,250
1214,zharkoe_meat_potato_stew,Жаркое,159,900,950,950,300
1215,meat_vegetable_ragout,Рагу мясное,119,900,650,600,250
1216,meatloaf_baked,Рулет мясной,249,1500,1900,500,150
1217,zrazy_meat_fried,Зразы мясные,204,1400,1250,850,150
1218,lyulya_kebab_grilled,Люля-кебаб,231,1700,1750,150,150
1219,lamb_stewed,Баранина тушёная,232,1650,1800,100,180
1220,sausages_grilled,Колбаски гриль,288,1500,2450,200,120
1221,rabbit_stewed,Кролик тушёный,151,2100,700,100,200
1222,tuna_steak_grilled,Стейк тунца,165,2800,550,0,180
1223,fish_in_batter_fried,Рыба в кляре,230,1400,1400,1200,150
1224,fish_white_baked,Рыба запечённая,121,1750,500,150,180
1225,fish_cutlet_fried,Котлеты рыбные,169,1300,900,900,150
1226,cod_fried,Треска жареная,146,2000,600,300,150
1227,pike_perch_fried,Судак жареный,130,1800,500,250,150
1228,carp_fried,Карп жареный,193,1800,1200,300,150
1229,pike_boiled,Щука отварная,92,2050,110,0,150
1230,halibut_baked,Палтус запечённый,176,1700,1200,0,180
1231,dorado_baked,Дорадо запечённая,130,2000,550,0,180
1232,seabass_baked,Сибас запечённый,123,1950,500,0,180
1233,flounder_fried,Камбала жареная,161,1700,950,200,150
1234,hake_boiled,Хек отварной,95,1850,230,0,150
1235,pink_salmon_baked,Горбуша запечённая,167,2250,850,0,150
1236,fish_marinated_with_carrot_onion,Рыба под маринадом,125,1150,700,400,180
1237,pollock_boiled,Минтай отварной,79,1760,100,0,150
1238,mussels_cooked,Мидии отварные,172,2380,450,740,150
1239,oysters_raw,Устрицы,80,950,230,490,90
1240,crab_meat_boiled,Краб,96,1940,150,0,150
1241,crab_sticks_surimi,Крабовые палочки,95,600,100,1500,100
1242,saury_canned_in_oil,Сайра консервированная,283,1830,2330,0,100
1243,sprats_smoked_in_oil,Шпроты,363,1740,3240,40,80
1244,canned_beef_stew_tushenka,Тушёнка говяжья,220,1680,1700,0,150
1245,cod_liver_canned_in_oil,Печень трески,613,420,6570,120,50
1301,hand_pie_potato,Пирожок с картошкой,255,450,1000,3600,75
1302,hand_pie_cabbage,Пирожок с капустой,250,450,1100,3300,75
1303,hand_pie_meat,Пирожок с мясом,270,900,1200,3100,80
1304,hand_pie_egg_onion,Пирожок с яйцом и луком,265,750,1250,3100,75
1305,hand_pie_jam,Пирожок с повидлом,285,450,900,4600,75
1306,belyash,Беляш,310,1050,1600,3000,100
1307,cheburek,Чебурек,290,900,1500,2900,130
1308,samsa,Самса,300,1000,1700,2700,120
1309,echpochmak,Эчпочмак,280,950,1300,3100,130
1310,khachapuri_adjarian,Хачапури по-аджарски,275,1100,1350,2800,300
1311,khachapuri_imeretian,Хачапури по-имеретински,290,1200,1400,2900,200
1312,flatbread_lepeshka,Лепёшка узбекская,265,800,400,4900,120
1313,focaccia,Фокачча,290,750,950,4400,100
1314,ciabatta,Чиабатта,269,900,350,5000,80
1315,poppy_seed_bun,Булочка с маком,330,750,900,5500,80
1316,sausage_roll,Сосиска в тесте,310,900,1600,3200,100
1317,puff_pastry_cheese,Слойка с сыром,370,1050,2300,3050,90
1318,puff_pastry_meat,Слойка с мясом,320,1100,1800,2900,100
1319,kulebyaka,Кулебяка,250,1000,1000,3000,150
1320,rasstegai,Расстегай,268,1100,1100,3100,120
1321,vatrushka,Ватрушка,290,800,900,4400,90
1322,pizza_four_cheese,Пицца четыре сыра,290,1400,1400,2700,200
1323,pizza_hawaiian,Пицца гавайская,236,1100,800,3000,200
1324,pizza_meat,Пицца мясная,263,1300,1100,2800,200
1325,calzone,Кальцоне,268,1200,1100,3000,250
1326,quiche,Киш,290,900,1900,2100,150
1327,pie_fish,Пирог с рыбой,250,1100,1000,2900,150
1328,pie_mushroom,Пирог с грибами,240,650,1000,3100,150
1329,pie_chicken,Пирог с курицей,237,1200,900,2700,150
1330,pie_cabbage,Пирог с капустой,193,550,650,2800,150
1331,charlotte_apple_cake,Шарлотка,215,450,500,3800,120
1332,bagel,Бублик,279,900,300,5400,70
1333,sushki_dry_rings,Сушки,347,1100,130,7300,40
1334,crackers,Крекеры,434,900,1400,6800,30
1335,croutons_fried,Гренки,379,800,1500,5300,40
1337,sandwich_ham,Сэндвич с ветчиной,249,1200,900,3000,150
1338,sandwich_chicken,Сэндвич с курицей,227,1400,700,2700,150
1339,croissant_ham,Круассан с ветчиной,326,1200,1800,2900,120
1340,chicken_burger,Бургер с курицей,270,1300,1200,2700,160
1341,panini,Панини,279,1300,1100,3200,180
1342,bruschetta,Брускетта,229,600,900,3100,80
1343,pita_bread,Пита,272,900,150,5500,60
1344,tortilla_wheat,Тортилья,299,800,750,5000,60
1345,naan,Наан,290,900,600,5000,90
1401,donut_glazed,Пончик,390,600,1950,4700,70
1402,pound_cake,Кекс,355,600,1200,5500,70
1403,muffin_chocolate,Маффин шоколадный,450,600,2300,5500,80
1404,eclair_custard,Эклер,350,530,2130,3450,70
1405,profiteroles_cream,Профитроли,335,600,2200,2800,80
1406,tiramisu,Тирамису,295,500,1900,2600,120
1407,cheesecake,Чизкейк,325,550,2250,2550,110
1408,honey_cake_medovik,Медовик,390,450,2000,4800,110
1409,napoleon_cake,Наполеон,405,500,2400,4200,110
1410,prague_cake,Торт Прага,425,460,2600,4300,110
1411,bird_milk_cake,Торт Птичье молоко,355,400,1800,4500,100
1412,belgian_waffle,Вафли бельгийские,325,600,1400,4300,80
1413,zefir,Зефир,325,80,10,8000,35
1414,pastila,Пастила,315,50,10,7900,40
1415,marmalade_candy,Мармелад,305,40,10,7700,50
1416,halva_sunflower,Халва,520,1160,2970,5400,40
1417,sherbet_candy,Щербет,420,600,1500,6500,50
1418,turkish_delight,Рахат-лукум,320,40,20,7900,45
1419,nougat,Нуга,400,400,1200,6800,30
1420,kozinaki,Козинаки,510,1200,2800,5200,40
1421,chak_chak,Чак-чак,400,600,1200,6600,60
1422,baklava,Пахлава,445,650,2400,5000,70
1423,wafer_tube_condensed_milk,Трубочка со сгущёнкой,420,500,2000,5500,45
1424,meringue,Безе,315,280,10,7600,30
1425,potato_cake_pastry,Пирожное Картошка,380,500,1500,5600,60
1426,curd_ring_choux,Творожное кольцо,365,800,2000,3800,80
1427,chocolate_bar_snickers,Шоколадный батончик,490,800,2400,6000,50
1428,curd_glazed_bar,Сырок глазированный,405,790,2740,3240,45
1429,toffee_iris,Ирис,405,330,750,8180,25
1430,hard_candy,Карамель леденцовая,375,0,10,9300,20
1431,chocolate_hazelnut_spread,Шоколадная паста,540,630,3090,5750,30
1432,condensed_milk_sweet,Сгущённое молоко,325,720,850,5600,40
1433,ice_cream_eskimo_glazed,Мороженое эскимо,290,350,2000,2400,80
1434,fruit_ice_pop,Фруктовый лёд,90,30,10,2200,80
1435,sorbet,Сорбет,130,40,20,3200,100
1436,fruit_jelly_dessert,Желе фруктовое,80,250,0,1800,150
1437,vanilla_pudding,Пудинг ванильный,125,300,350,2000,150
1438,curd_casserole,Творожная запеканка,170,1700,500,1500,150
1439,rice_casserole_sweet,Рисовая запеканка,160,450,500,2400,150
1440,mannik_semolina_pie,Манник,250,500,700,4200,100
1442,apple_strudel,Штрудель яблочный,275,300,1100,4100,120
1443,gingerbread_pryanik,Пряник,355,480,280,7700,40
1444,sponge_roll_jam,Рулет бисквитный,340,500,800,6200,80
1445,panna_cotta,Панна-котта,250,350,1800,1800,120
1501,pomegranate_fresh,Гранат,83,167,117,1870,150
1502,persimmon_fresh,Хурма,70,58,19,1859,170
1503,pineapple_fresh,Ананас,50,54,12,1312,150
1504,mango_fresh,Манго,60,82,38,1498,150
1505,peach_fresh,Персик,39,91,25,954,130
1506,nectarine_fresh,Нектарин,44,106,32,1055,140
1507,apricot_fresh,Абрикос,48,140,39,1112,100
1508,plum_fresh,Слива,46,70,28,1142,100
1509,sweet_cherry_fresh,Черешня,63,106,20,1601,150
1510,sour_cherry_fresh,Вишня,52,100,30,1218,120
1511,quince_fresh,Айва,57,40,10,1530,100
1512,fig_fresh,Инжир свежий,74,75,30,1918,100
1513,feijoa_fresh,Фейхоа,55,71,42,1292,100
1514,grapefruit_fresh,Грейпфрут,42,77,14,1066,150
1515,pomelo_fresh,Помело,38,76,4,962,200
1516,lemon_fresh,Лимон,29,90,10,600,20
1517,lime_fresh,Лайм,30,70,20,660,15
1518,papaya_fresh,Папайя,43,47,26,1082,150
1519,passion_fruit_fresh,Маракуйя,97,220,70,2338,40
1520,lychee_fresh,Личи,66,83,44,1653,100
1521,coconut_meat_fresh,Кокос,354,333,3349,1523,50
1522,currant_fresh,Смородина,44,100,40,880,100
1523,gooseberry_fresh,Крыжовник,44,88,58,1018,100
1524,blackberry_fresh,Ежевика,43,139,49,961,100
1525,blueberry_cultivated_fresh,Голубика,57,74,33,1449,100
1526,lingonberry_fresh,Брусника,46,70,50,820,80
1527,cranberry_fresh,Клюква,46,50,10,1200,50
1528,sea_buckthorn_fresh,Облепиха,82,120,540,570,50
1529,cornelian_cherry_fresh,Кизил,44,100,20,950,100
1530,rosehip_fresh,Шиповник,109,160,70,2240,30
1531,chokeberry_fresh,Черноплодная рябина,55,150,20,1090,50
1532,mulberry_fresh,Шелковица,43,144,39,980,100
1533,dates_dried,Финики,282,245,39,7500,50
1534,dried_apricots,Курага,241,339,51,6264,40
1535,prunes_dried,Чернослив,240,218,38,6388,40
1536,raisins_dried,Изюм,299,307,46,7918,40
1537,dried_figs,Инжир сушёный,249,330,93,6387,40
1538,dried_apples,Яблоки сушёные,243,93,32,6589,30
1539,dried_banana,Банан сушёный,346,389,181,8828,30
1540,dried_mango,Манго сушёное,314,200,120,7860,30
1541,dried_cranberries,Клюква сушёная,308,10,137,8280,30
1542,candied_fruit,Цукаты,322,30,30,8300,30
1543,pineapple_canned_syrup,Ананас консервированный,78,35,11,2020,100
1544,peaches_canned_syrup,Персики консервированные,74,45,10,2000,100
1545,berry_mix_frozen,Ягоды замороженные,45,80,40,850,150
1601,radish_red_raw,Редис,20,120,10,340,60
1602,radish_black_raw,Редька,36,190,20,670,100
1604,celeriac_root_raw,Сельдерей корневой,34,130,30,650,100
1605,celery_stalk_raw,Сельдерей стеблевой,13,90,10,210,80
1607,spinach_fresh,Шпинат,23,290,30,200,100
1608,arugula_fresh,Руккола,25,260,70,210,40
1609,iceberg_lettuce_fresh,Салат айсберг,14,90,10,200,80
1610,napa_cabbage_fresh,Пекинская капуста,16,120,20,200,100
1611,red_cabbage_fresh,Капуста краснокочанная,26,140,20,510,100
1613,kohlrabi_raw,Кольраби,27,180,10,500,120
1616,garlic_raw,Чеснок,143,640,50,2990,10
1617,ginger_root_raw,Имбирь,80,180,80,1580,10
1618,horseradish_root_raw,Хрен,59,320,40,1050,15
1619,zucchini_raw,Цукини,21,120,30,330,150
1620,pattypan_squash_raw,Патиссон,19,60,10,410,150
1621,chili_pepper_raw,Перец чили,40,200,20,730,10
1622,cucumbers_pickled,Огурцы маринованные,19,80,10,380,80
1626,green_onion_fresh,Лук зелёный,20,130,10,320,20
1627,leek_raw,Лук порей,36,200,20,650,80
1628,parsley_fresh,Петрушка,49,370,40,760,10
1629,cilantro_fresh,Кинза,23,210,50,190,10
1630,basil_fresh,Базилик,27,320,60,200,10
1631,mint_fresh,Мята,44,330,70,500,5
1632,sorrel_fresh,Щавель,22,150,30,290,100
1633,pumpkin_raw,Тыква сырая,22,100,10,440,150
1636,olives_green,Оливки зелёные,145,100,1530,130,30
1637,olives_black,Маслины,115,80,1070,280,30
1638,capers_pickled,Каперсы,23,240,90,170,10
1639,champignons_raw,Шампиньоны сырые,22,310,30,150,100
1640,oyster_mushrooms_raw,Вешенки,33,330,40,420,100
1641,porcini_mushrooms_raw,Белые грибы,34,370,170,110,100
1642,chanterelles_raw,Лисички,20,150,100,120,100
1643,honey_mushrooms_raw,Опята,22,220,120,50,100
1645,seaweed_kelp,Морская капуста,25,90,20,400,100
1701,cheese_gouda,Сыр гауда,356,2490,2740,220,30
1702,cheese_cheddar,Сыр чеддер,402,2500,3300,130,30
1703,cheese_parmesan,Сыр пармезан,392,3580,2580,320,20
1704,cheese_maasdam,Сыр маасдам,350,2400,2700,100,30
1705,cheese_camembert,Сыр камамбер,299,1980,2430,50,40
1706,cheese_blue,Сыр с голубой плесенью,354,2140,2870,230,30
1707,cheese_suluguni,Сыр сулугуни,286,2050,2200,40,40
1708,cheese_adygei,Сыр адыгейский,264,1980,1980,150,50
1709,cheese_chechil,Сыр косичка,313,1950,2600,220,40
1710,cheese_ricotta,Сыр рикотта,174,1130,1300,300,50
1711,cheese_mascarpone,Сыр маскарпоне,412,480,4200,480,30
1712,cheese_cream_spread,Сыр творожный,253,700,2300,400,30
1713,cheese_goat,Сыр козий,290,2160,2110,250,30
1714,cheese_sausage_smoked,Сыр колбасный копчёный,271,2120,1940,370,40
1715,cheese_halloumi,Сыр халуми,321,2200,2500,220,60
1716,cottage_cheese_granular,Творог зернёный,105,1300,500,200,150
1718,kids_curd_snack,Творожок детский,116,800,420,1200,100
1719,yogurt_greek,Йогурт греческий,70,850,200,400,150
1720,yogurt_nonfat,Йогурт обезжиренный,47,500,10,650,150
1721,ayran,Айран,24,110,150,140,250
1722,kumys,Кумыс,50,210,190,500,250
1723,prostokvasha,Простокваша,58,290,320,410,250
1724,varenets,Варенец,53,290,250,410,250
1725,snezhok,Снежок,79,280,250,1150,250
1726,cream_33,Сливки 33%,322,220,3300,340,30
1727,whipped_cream,Сливки взбитые,257,200,2220,1250,30
1729,milk_powder,Сухое молоко,476,2600,2500,3900,20
1730,milk_baked,Молоко топлёное,67,290,400,470,250
1731,milk_lactose_free,Молоко безлактозное,44,290,150,470,250
1732,milk_goat,Молоко козье,68,300,410,450,250
1733,milk_skim,Молоко обезжиренное,35,300,50,480,250
1734,cottage_cheese_casserole,Запеканка творожная,168,1700,420,1420,150
1735,actimel,Актимель,72,260,150,1200,100
1736,sour_cream_10,Сметана 10%,115,300,1000,400,30
1737,sour_cream_30,Сметана 30%,294,240,3000,310,30
1738,ghee,Масло топлёное,892,20,9900,0,10
1739,spread_vegetable_fat,Спред,662,50,7250,120,10
1740,margarine,Маргарин,743,50,8200,100,10
1741,milk_whey,Сыворотка молочная,20,80,20,350,250
1742,oat_milk,Молоко овсяное,45,100,150,670,250
1743,almond_milk,Молоко миндальное,24,50,160,150,250
1744,soy_milk,Молоко соевое,45,300,180,350,250
1745,coconut_milk,Молоко кокосовое,197,200,2100,280,100
1801,apple_juice,Сок яблочный,46,10,10,1130,250
1802,tomato_juice,Сок томатный,17,80,10,360,250
1803,grape_juice,Сок виноградный,60,30,10,1480,250
1804,multifruit_juice,Сок мультифрукт,48,40,10,1150,250
1805,cherry_juice,Сок вишнёвый,47,40,10,1120,250
1806,peach_juice,Сок персиковый,48,30,5,1170,250
1807,pomegranate_juice,Сок гранатовый,54,15,29,1310,200
1808,cranberry_mors,Морс клюквенный,41,10,0,1020,250
1809,lingonberry_mors,Морс брусничный,40,10,0,990,250
1810,apple_compote,Компот яблочный,42,20,0,1040,250
1811,kissel,Кисель,54,10,0,1330,250
1812,kvass,Квас,27,20,0,520,330
1813,lemonade,Лимонад,40,0,0,1000,330
1814,sprite_soda,Спрайт,39,0,0,1010,330
1815,fanta_soda,Фанта,48,0,0,1190,330
1816,tonic_water,Тоник,34,0,0,880,250
1817,energy_drink,Энергетик,45,40,0,1100,250
1818,mineral_water,Вода минеральная,0,0,0,0,250
1819,cola_zero,Кола без сахара,0,0,0,0,330
1820,tea_with_sugar,Чай с сахаром,20,10,0,500,250
1821,tea_with_milk,Чай с молоком,12,70,40,110,250
1822,tea_with_lemon,Чай с лимоном,22,10,0,540,250
1823,green_tea_with_honey,Зелёный чай с мёдом,24,20,0,600,250
1824,cocoa_with_milk,Какао на молоке,90,320,280,1300,250
1825,hot_chocolate,Горячий шоколад,115,330,400,1600,200
1826,latte,Латте,55,290,240,520,300
1827,cappuccino,Капучино,45,240,200,430,200
1828,raf_coffee,Раф,110,200,650,1050,300
1829,flat_white,Флэт уайт,67,360,340,490,200
1830,mocha_coffee,Мокко,95,280,350,1300,300
1831,double_espresso,Эспрессо двойной,9,12,18,167,60
1832,coffee_with_sugar,Кофе с сахаром,17,10,10,400,200
1833,coffee_3in1,Кофе 3 в 1,45,50,120,780,180
1834,milkshake,Молочный коктейль,125,350,380,1900,300
1835,banana_smoothie,Смузи банановый,76,150,60,1650,300
1836,green_smoothie,Смузи зелёный,45,120,40,950,300
1837,iced_coffee,Айс-кофе,40,150,120,550,350
1838,matcha_latte,Матча латте,65,260,220,850,300
1839,chicory_drink,Цикорий,5,20,0,110,200
1840,hibiscus_tea,Каркаде,4,10,0,90,250
1841,herbal_tea,Травяной чай,1,0,0,20,250
1842,ginger_tea,Имбирный чай,18,10,0,440,250
1843,lemon_water,Лимонная вода,3,10,0,70,300
1844,coconut_water,Кокосовая вода,19,70,20,370,330
1845,protein_shake_water,Протеиновый коктейль на воде,35,730,50,90,330
1901,sushi_roll_philadelphia,Ролл Филадельфия,190,700,800,2200,250
1902,sushi_roll_california,Ролл Калифорния,152,500,450,2300,240
1903,nigiri_salmon,Суши с лососем,150,750,350,2200,90
1904,nigiri_eel,Суши с угрём,192,800,650,2500,90
1905,sushi_roll_baked,Ролл запечённый,245,900,1300,2200,250
1906,shrimp_tempura,Креветки в темпуре,230,1200,1200,1800,150
1907,wok_noodles_chicken,Вок с курицей,158,900,500,1900,350
1908,chuka_seaweed_salad,Салат чука,130,300,750,1200,120
1909,ramen,Рамен,95,500,350,1100,500
1910,udon_noodles_dish,Удон,152,550,450,2300,350
1911,soba_noodles,Соба,119,500,80,2300,250
1912,pad_thai,Пад-тай,195,800,700,2500,350
1913,tom_yum_soup,Том-ям,58,400,250,500,400
1914,tom_kha_soup,Том-кха,108,400,800,500,400
1915,miso_soup,Мисо-суп,34,250,120,320,250
1916,kimchi,Кимчи,30,170,50,400,100
1917,spring_rolls_fried,Спринг-роллы,219,500,1100,2500,150
1918,gyoza,Гёдза,221,900,1000,2400,180
1919,dim_sum_steamed,Димсамы,179,900,700,2000,180
1920,kung_pao_chicken,Курица кунг-пао,204,1400,1200,1000,300
1921,sweet_sour_pork,Свинина в кисло-сладком соусе,230,1000,1100,2300,300
1922,peking_duck,Утка по-пекински,335,1900,2800,100,150
1923,fried_rice_egg,Жареный рис с яйцом,178,500,600,2600,250
1924,khinkali,Хинкали,226,900,900,2700,400
1925,manty,Манты,215,950,900,2400,300
1926,dolma_grape_leaves,Долма,202,700,1300,1400,200
1927,cheburek_meat,Чебурек с мясом,268,800,1500,2500,130
1928,lyulya_kebab_chicken,Люля-кебаб куриный,186,1700,1200,200,200
1929,shashlik_chicken,Шашлык куриный,177,2000,1000,150,250
1930,shashlik_beef,Шашлык говяжий,235,2500,1450,100,250
1931,kharcho_soup,Харчо,97,500,500,800,400
1932,chikhirtma_soup,Чихиртма,104,650,650,450,350
1933,satsivi_chicken,Сациви,282,1400,2300,500,200
1937,shawarma_beef,Шаурма с говядиной,215,1100,1100,1800,300
1938,falafel,Фалафель,333,1300,1800,3000,120
1940,shakshuka,Шакшука,118,650,800,500,300
1941,couscous_vegetables,Кускус с овощами,139,400,350,2300,250
1942,plov_uzbek_lamb,Плов с бараниной,230,800,1100,2500,300
1943,lagman,Лагман,117,600,500,1200,400
1944,shurpa,Шурпа,87,500,500,550,400
1945,beshbarmak,Бешбармак,215,1200,1100,1700,300
2001,pasta_carbonara,Паста карбонара,210,850,1050,2100,300
2002,pasta_bolognese,Паста болоньезе,152,750,500,1950,300
2003,pasta_alfredo,Паста альфредо,190,700,900,2000,280
2004,pasta_pesto,Паста с песто,215,700,1100,2200,280
2005,pasta_quattro_formaggi,Паста четыре сыра,252,1050,1400,2100,280
2006,lasagna,Лазанья,168,900,850,1400,300
2007,cannelloni,Каннеллони,160,850,750,1500,300
2008,ravioli,Равиоли,178,800,650,2200,250
2009,gnocchi,Ньокки,150,450,350,2500,250
2010,risotto_mushroom,Ризотто с грибами,158,450,650,2050,280
2011,risotto_seafood,Ризотто с морепродуктами,124,700,250,1850,280
2012,spaghetti_tomato_sauce,Спагетти с томатным соусом,120,400,200,2100,300
2013,penne_arrabbiata,Пенне арабьята,155,450,550,2200,300
2014,pasta_seafood,Паста с морепродуктами,152,800,450,2000,300
2015,tagliatelle_salmon,Тальятелле с лососем,184,900,800,1900,280
2016,mac_and_cheese,Макароны с сыром,196,850,850,2150,250
2017,potato_french_style,Картофель по-французски,173,750,1100,1100,250
2019,julienne_chicken_mushroom,Жульен,175,900,1300,500,120
2020,quiche_lorraine,Киш лорен,273,950,1900,1600,150
2022,french_onion_soup,Луковый суп,70,300,350,650,300
2023,pumpkin_cream_soup,Крем-суп из тыквы,60,150,300,700,300
2024,broccoli_cream_soup,Крем-суп из брокколи,66,300,400,450,300
2025,gazpacho,Гаспачо,38,100,200,400,300
2026,minestrone,Минестроне,50,200,150,750,300
2027,chicken_cream_soup,Суп-пюре из курицы,80,500,400,600,300
2028,schnitzel,Шницель,270,2000,1700,900,150
2029,escalope,Эскалоп,216,2200,1400,50,150
2030,roast_beef,Ростбиф,185,2600,900,0,120
2031,beef_medallions,Медальоны из говядины,232,2000,1600,200,150
2032,chicken_fricassee,Фрикасе из курицы,147,1300,900,350,250
2033,mussels_white_wine,Мидии в белом вине,105,1200,500,300,200
2034,goulash_hungarian,Гуляш по-венгерски,140,1200,800,500,250
2035,paella,Паэлья,160,850,550,1900,300
2036,spanish_tortilla,Тортилья испанская,193,700,1300,1200,200
2038,creme_brulee,Крем-брюле,275,400,1900,2200,120
2039,eggs_benedict,Яйца Бенедикт,237,1200,1700,900,200
2040,english_breakfast,Английский завтрак,206,1100,1400,900,350
2041,sausages_with_potato,Сосиски с картошкой,185,750,1100,1400,300
2043,belgian_waffles_berries,Бельгийские вафли с ягодами,285,600,1300,3600,150
2101,buckwheat_with_butter,Гречка с маслом,150,400,580,2030,200
2102,buckwheat_milk_porridge,Гречка на молоке,118,450,350,1750,250
2103,rice_with_vegetables,Рис с овощами,130,250,350,2200,220
2104,rice_with_butter,Рис с маслом,158,220,530,2550,200
2105,pilaf_vegetarian,Плов вегетарианский,165,300,550,2500,250
2106,couscous_cooked,Кус-кус отварной,112,379,16,2320,180
2107,spelt_cooked,Полба отварная,127,550,85,2500,180
2108,amaranth_cooked,Амарант отварной,102,380,158,1870,180
2109,corn_porridge,Кукурузная каша,86,200,60,1800,220
2110,corn_grits_dry,Кукурузная крупа сухая,328,830,120,7100,60
2111,wheat_porridge,Пшеничная каша,105,340,50,2200,220
2112,barley_yachnevaya_porridge,Ячневая каша,96,290,40,2000,220
2113,pea_porridge,Гороховая каша,90,620,80,1400,220
2114,pea_soup,Гороховый суп,66,300,200,900,300
2115,rice_milk_porridge,Рисовая каша на молоке,97,250,310,1500,250
2116,lentils_dry,Чечевица сухая,297,2400,150,4630,80
2117,mung_beans_cooked,Маш отварной,105,700,38,1900,180
2120,soybeans_cooked,Соя отварная,173,1660,900,990,100
2121,tofu,Тофу,76,810,480,190,100
2122,tempeh,Темпе,192,2030,1080,760,100
2123,seitan,Сейтан,141,2500,190,600,100
2124,soba_noodles_dry,Лапша соба сухая,336,1440,70,6800,80
2125,rice_noodles_cooked,Рисовая лапша отварная,108,180,20,2500,200
2126,glass_noodles_cooked,Фунчоза отварная,105,10,5,2600,180
2127,whole_wheat_pasta_cooked,Макароны цельнозерновые отварные,124,530,50,2650,200
2129,instant_noodles_dry,Лапша быстрого приготовления сухая,448,1000,1800,6000,90
2132,split_peas_dry,Горох сухой,298,2300,120,4950,80
2133,oat_pancake_ovsyanoblin,Овсяноблин,195,1190,920,1700,150
2136,oat_bran,Отруби овсяные,320,1700,700,5000,20
2137,wheat_bran,Отруби пшеничные,200,1550,430,2200,20
2138,wheat_germ,Зародыши пшеницы,360,2300,970,4000,20
2139,flax_porridge_dry,Льняная каша сухая,300,2700,1200,2000,30
2140,quinoa_dry,Киноа сухая,368,1410,610,6400,70
2141,bulgur_dry,Булгур сухой,342,1230,130,6800,70
2142,pearl_barley_dry,Перловка сухая,320,930,110,6690,70
2143,millet_dry,Пшено сухое,348,1150,330,6650,60
2144,semolina_dry,Манка сухая,333,1030,100,7060,50
2145,brown_rice_dry,Рис бурый сухой,362,740,290,7290,70
2201,sour_cream_sauce,Сметанный соус,162,250,1400,600,50
2202,cheese_sauce,Сырный соус,245,600,2100,700,40
2203,bbq_sauce,Соус барбекю,172,80,60,4080,30
2204,teriyaki_sauce,Соус терияки,90,500,0,1700,30
2205,pesto_sauce,Соус песто,455,500,4500,600,20
2206,tartar_sauce,Соус тартар,350,100,3500,600,25
2207,caesar_dressing,Соус цезарь,470,200,4800,500,25
2208,garlic_sauce,Соус чесночный,430,150,4500,400,25
2209,tkemali_sauce,Соус ткемали,85,100,20,2000,30
2210,adjika,Аджика,60,120,370,580,20
2212,wasabi_paste,Васаби,265,400,1000,4000,5
2213,dijon_mustard,Горчица дижонская,140,660,1060,350,10
2214,balsamic_vinegar,Бальзамический уксус,80,50,0,1800,10
2215,table_vinegar,Уксус столовый,11,0,0,300,10
2217,flaxseed_oil,Льняное масло,899,0,9990,0,10
2218,sesame_oil,Кунжутное масло,899,0,9990,0,10
2219,coconut_oil,Кокосовое масло,892,0,9900,0,10
2222,tabasco_sauce,Соус табаско,12,50,40,180,5
2225,mayonnaise_light,Майонез лёгкий,300,30,3000,600,20
2227,sweet_chili_sauce,Соус сладкий чили,240,50,20,5800,25
2228,oyster_sauce,Устричный соус,110,200,20,2500,15
2229,fish_sauce,Рыбный соус,35,510,0,360,10
2231,tomato_paste,Томатная паста,82,430,50,1500,30
2232,curry_paste,Паста карри,150,300,900,1500,20
2235,chicken_broth,Бульон куриный,14,180,60,0,250
2236,beef_broth,Бульон говяжий,20,250,90,0,250
2237,bouillon_cube,Бульонный кубик,240,1000,1500,1500,10
2238,gelatin,Желатин,355,8720,40,70,10
2239,baking_powder,Разрыхлитель,79,10,0,1970,5
2240,salt,Соль,0,0,0,0,2
2241,black_pepper_ground,Перец чёрный молотый,251,1040,330,3900,1
2242,paprika_ground,Паприка,282,1410,1290,3000,2
2243,turmeric_ground,Куркума,354,780,990,6490,2
2244,cinnamon_ground,Корица,247,390,320,5000,2
2245,vanillin,Ванилин,288,10,10,7000,1
2301,whey_protein_powder,Протеин сывороточный,400,7500,700,800,30
2302,casein_protein_powder,Протеин казеиновый,370,7800,200,800,30
2303,mass_gainer_powder,Гейнер,380,2000,400,6500,100
2304,bcaa_powder,BCAA,380,9500,0,0,10
2305,creatine_monohydrate,Креатин,0,0,0,0,5
2306,protein_bar,Протеиновый батончик,350,3000,1200,3000,50
2307,energy_bar,Энергетический батончик,380,800,1200,5800,45
2308,muesli_bar,Батончик мюсли,400,600,1400,6200,30
2309,peanut_butter,Арахисовая паста,588,2500,5000,2000,30
2310,almond_butter,Миндальная паста,614,2100,5600,1900,25
2311,urbech,Урбеч,560,1800,4800,1800,25
2313,chia_seeds,Семена чиа,486,1670,3080,4200,20
2314,flax_seeds,Семена льна,534,1830,4200,2900,15
2315,pumpkin_seeds,Семена тыквы,559,3000,4900,1100,30
2316,sesame_seeds,Кунжут,573,1780,4970,2340,10
2317,poppy_seeds,Мак,525,1780,4200,2850,10
2319,spirulina_powder,Спирулина,380,5700,800,2400,5
2323,coconut_milk_drink,Кокосовое молоко (напиток),33,20,220,280,200
2324,coconut_milk_canned,Кокосовое молоко консервированное,197,200,2100,300,50
2325,rice_milk,Рисовое молоко,47,30,100,960,200
2326,instant_porridge,Каша быстрого приготовления,75,180,110,1450,220
2327,rice_cakes,Хлебцы рисовые,387,800,300,8100,18
2328,buckwheat_cakes,Хлебцы гречневые,340,1200,250,6600,20
2329,corn_cakes,Хлебцы кукурузные,369,700,300,8000,18
2330,galette_biscuits,Галеты,400,900,1000,7000,30
2332,sugar_free_curd_dessert,Творожный десерт без сахара,95,900,300,700,100
2334,coconut_flakes,Кокосовая стружка,600,650,5700,2400,15
2335,maple_syrup,Кленовый сироп,260,0,20,6700,20
2336,agave_syrup,Сироп агавы,310,0,50,7600,20
2337,stevia_powder,Стевия,0,0,0,0,1
2338,erythritol,Эритрит,20,0,0,10000,10
2339,jerusalem_artichoke_syrup,Сироп топинамбура,270,0,0,6700,20
2340,isotonic_drink,Изотоник,26,0,0,640,500
2341,l_carnitine,L-карнитин,0,0,0,0,2
2342,omega3_capsules,Омега-3 капсулы,900,0,10000,0,2
2343,multivitamins,Витамины мультикомплекс,0,0,0,0,1
2344,collagen_powder,Коллаген порошок,360,9000,0,0,10
2345,corn_flakes,Хлопья кукурузные,360,700,100,8400,30
2401,big_mac,Биг Мак,257,1190,1510,2050,219
2403,double_cheeseburger,Двойной чизбургер,284,1610,1480,2190,155
2404,whopper,Воппер,244,1040,1480,1810,270
2405,royal_burger,Роял бургер,261,1510,1310,2110,200
2406,fish_burger,Фиш бургер,275,1060,1340,2750,142
2407,chicken_strips,Куриные стрипсы,285,2100,1500,1700,120
2408,onion_rings,Луковые кольца,410,500,2100,4800,90
2409,buffalo_wings,Крылья баффало,280,2200,1900,400,150
2411,quesadilla_chicken,Кесадилья с курицей,270,1600,1300,2400,200
2412,burrito,Буррито,210,900,800,2500,300
2413,taco,Тако,230,1100,1200,2000,110
2414,nachos_cheese,Начос с сыром,430,1000,2500,4000,150
2415,hot_dog_cheese,Хот-дог с сыром,290,1200,1800,2000,160
2416,corn_dog,Корн-дог,280,1000,1500,2800,100
2417,doner_beef,Донер с говядиной,230,1400,1200,1700,350
2418,gyros,Гирос,240,1300,1200,2100,300
2419,pita_chicken,Пита с курицей,200,1300,700,2100,250
2420,club_sandwich,Клаб-сэндвич,250,1400,1200,2200,230
2421,panini_ham,Панини с ветчиной,270,1400,1200,2700,180
2422,twister_wrap,Твистер,280,1400,1400,2600,210
2423,caesar_roll,Цезарь ролл,225,1200,900,2400,230
2425,stromboli,Стромболи,280,1300,1200,3000,200
2426,samsa_chicken,Самса с курицей,280,1200,1600,2400,150
2428,fried_pirozhok_potato,Пирожок жареный с картошкой,260,500,1100,3500,100
2430,pancake_meat,Блин с мясом,200,1000,900,2100,150
2431,pancake_curd,Блин с творогом,210,900,800,2600,150
2432,pancake_caviar,Блин с икрой,230,1000,1200,2000,130
2433,crepe_banana,Креп с бананом,230,500,800,3400,180
2434,ice_cream_cone,Мороженое рожок,180,400,600,2600,130
2436,fried_apple_pie,Пирожок яблочный жареный,325,300,1500,4300,80
2437,cheese_sauce_ff,Соус сырный,250,500,2200,900,30
2440,caesar_salad_ff,Салат Цезарь с курицей,190,1200,1300,600,220
2442,egg_bacon_muffin,Маффин с яйцом и беконом,240,1400,1200,2100,140
2443,fast_food_combo,Комбо обед,143,600,600,1700,700
2444,hash_brown,Хашбраун,283,200,1700,3000,55
2445,glazed_donut,Донат глазированный,420,600,2100,5100,70
2502,meatball_soup,Суп с фрикадельками,45,300,200,350,300
2503,vegetable_soup,Суп овощной,31,100,120,400,300
2504,lentil_soup,Суп чечевичный,80,450,250,1000,300
2505,potato_soup,Суп картофельный,40,130,140,580,300
2506,okroshka_kvass,Окрошка на квасе,48,260,180,550,300
2507,okroshka_kefir,Окрошка на кефире,64,400,300,500,300
2508,cold_beet_soup,Свекольник холодный,42,180,160,500,300
2511,cheese_cream_soup,Крем-суп сырный,95,320,650,600,300
2512,dumpling_soup,Суп с клёцками,55,220,180,750,300
2513,sorrel_soup,Щавелевый суп,38,250,180,320,300
2515,milk_vermicelli_soup,Молочный суп с вермишелью,85,300,260,1250,250
2516,bean_soup,Суп фасолевый,52,300,150,650,300
2519,lean_borscht,Борщ постный,40,110,190,470,300
2520,salmon_fish_soup,Уха из сёмги,68,550,350,350,300
2521,stewed_potato_with_meat,Тушёная картошка с мясом,135,600,700,1150,300
2522,stewed_potato_with_chicken,Тушёная картошка с курицей,105,650,380,1150,300
2523,chicken_with_rice,Курица с рисом,160,1000,550,1750,300
2524,fish_with_vegetables,Рыба с овощами,95,1050,380,450,250
2525,omelet_with_cheese,Омлет с сыром,185,1250,1400,200,150
2526,omelet_with_tomato,Омлет с помидорами,125,800,900,300,180
2527,fried_eggs_with_bacon,Яичница с беконом,245,1400,2000,100,150
2528,fried_eggs_with_sausage,Яичница с колбасой,215,1200,1750,150,150
2530,pasta_casserole,Запеканка макаронная,180,800,750,2000,200
2531,buckwheat_with_mushrooms,Гречка с грибами,120,420,350,1750,250
2532,stuffed_pepper_meat,Перец фаршированный мясом,115,650,600,850,250
2533,stuffed_zucchini,Кабачки фаршированные,95,550,550,600,250
2534,chicken_roll,Рулет куриный,150,1600,850,200,100
2535,chicken_in_sour_cream,Курица в сметане,175,1500,1200,200,200
2536,liver_in_sour_cream,Печень в сметане,165,1500,950,500,200
2537,buckwheat_merchant_style,Гречка по-купечески,145,750,550,1600,250
2539,mashed_potato_with_gravy,Пюре с подливой,115,350,500,1400,300
2540,potatoes_with_mushrooms,Картошка с грибами,105,280,500,1250,250
2543,meatballs_tomato_sauce,Тефтели в томатном соусе,175,1100,1050,850,200
2545,potato_casserole_with_mince,Запеканка картофельная с фаршем,145,700,750,1200,250
